{
  "train_loss": [
    4.503274713243757,
    4.484499954041981,
    4.674930608840215,
    3.9570715995061967,
    3.6032555988856725,
    3.367434892200288,
    3.222684169950939,
    3.211664953685942,
    3.0806299527486165,
    3.200899789446876,
    3.1065655526660736,
    2.9680272965204146,
    2.747457452047439,
    2.5871884595780146,
    2.5028617450169155,
    2.555930264790853,
    2.453380096526373,
    2.3928754193442208,
    2.490376999264672,
    2.385471191860381
  ],
  "train_acc": [
    0.009523809523809525,
    0.009523809523809525,
    0.004761904761904762,
    0.09047619047619047,
    0.2571428571428571,
    0.3333333333333333,
    0.3952380952380952,
    0.4142857142857143,
    0.4857142857142857,
    0.4238095238095238,
    0.41904761904761906,
    0.41904761904761906,
    0.5476190476190477,
    0.5904761904761905,
    0.5761904761904761,
    0.5619047619047619,
    0.5476190476190477,
    0.5380952380952381,
    0.5857142857142857,
    0.6523809523809524
  ],
  "train_f1": [
    0.0014652014652014652,
    0.006802721088435374,
    0.002857142857142857,
    0.07262306321129851,
    0.20882189239332094,
    0.31149794649794643,
    0.38164245651640605,
    0.3905926613069471,
    0.4783089133089134,
    0.3977838827838828,
    0.4230849309420738,
    0.3974251007791381,
    0.5315612911831399,
    0.5838417931275074,
    0.5755555555555555,
    0.5643790715840404,
    0.5690924355223032,
    0.5655493233234098,
    0.5791481534338676,
    0.6574036281179136
  ],
  "train_precision": [
    0.0007936507936507937,
    0.00606060606060606,
    0.002040816326530612,
    0.07474489795918367,
    0.19670901694010937,
    0.3424319727891156,
    0.46898732220160794,
    0.44028911564625844,
    0.5546800538397177,
    0.4484817563388992,
    0.4950876504447933,
    0.46200172357804814,
    0.5940136054421769,
    0.6710041407867495,
    0.6962175324675325,
    0.6842721088435374,
    0.7006505161505161,
    0.725844074471894,
    0.6549937343358396,
    0.7502226345083487
  ],
  "train_recall": [
    0.009523809523809523,
    0.009523809523809523,
    0.0047619047619047615,
    0.09047619047619047,
    0.2571428571428571,
    0.33333333333333326,
    0.3952380952380952,
    0.4142857142857143,
    0.4857142857142858,
    0.4238095238095238,
    0.419047619047619,
    0.41904761904761906,
    0.5476190476190478,
    0.5904761904761906,
    0.5761904761904763,
    0.5619047619047619,
    0.5476190476190477,
    0.5380952380952383,
    0.5857142857142857,
    0.6523809523809524
  ],
  "val_loss": [
    4.406828212738037,
    4.406828212738037,
    3.9818837438310895,
    3.6671695300510954,
    3.479471860613142,
    3.366839899335589,
    3.3152538435799737,
    3.2764339583260673,
    3.25448785509382,
    3.2475363186427524,
    3.138645430973598,
    2.995304618562971,
    2.8577678884778703,
    2.8169565609523226,
    2.7940078326633997,
    2.7291925157819477,
    2.6973842007773263,
    2.774533612387521,
    2.698468705586025,
    2.6656641483306887
  ],
  "val_acc": [
    0.0,
    0.0,
    0.15714285714285714,
    0.2,
    0.4142857142857143,
    0.4142857142857143,
    0.42857142857142855,
    0.4,
    0.35714285714285715,
    0.37142857142857144,
    0.35714285714285715,
    0.44285714285714284,
    0.5571428571428572,
    0.4714285714285714,
    0.4714285714285714,
    0.45714285714285713,
    0.5142857142857142,
    0.4714285714285714,
    0.4857142857142857,
    0.4857142857142857
  ],
  "val_f1": [
    0.0,
    0.0,
    0.07773809523809525,
    0.11344671201814059,
    0.3257142857142857,
    0.32857142857142857,
    0.3471428571428571,
    0.3264069264069264,
    0.2795238095238095,
    0.28688311688311685,
    0.28690476190476194,
    0.376007326007326,
    0.4714285714285714,
    0.39464285714285713,
    0.3994047619047619,
    0.3746031746031746,
    0.4414285714285714,
    0.4184523809523809,
    0.4253968253968254,
    0.4107692307692307
  ],
  "val_precision": [
    0.0,
    0.0,
    0.05786332714904144,
    0.08988095238095237,
    0.2938095238095238,
    0.29857142857142854,
    0.31796536796536795,
    0.29904761904761906,
    0.2553463203463204,
    0.26023809523809527,
    0.2625258799171843,
    0.35119047619047616,
    0.43333333333333335,
    0.37047619047619046,
    0.3723809523809523,
    0.3451190476190476,
    0.4130952380952382,
    0.4046320346320347,
    0.40607843137254895,
    0.38730158730158737
  ],
  "val_recall": [
    0.0,
    0.0,
    0.15714285714285714,
    0.2,
    0.4142857142857143,
    0.4142857142857143,
    0.42857142857142855,
    0.4,
    0.35714285714285715,
    0.37142857142857144,
    0.35714285714285715,
    0.44285714285714284,
    0.5571428571428572,
    0.4714285714285714,
    0.4714285714285714,
    0.45714285714285713,
    0.5142857142857142,
    0.4714285714285714,
    0.4857142857142857,
    0.4857142857142857
  ],
  "lr": [
    0.00048778860081564085,
    0.0004523497400965494,
    0.00039715242044697206,
    0.0003275997400965494,
    0.0002505,
    0.00017340025990345064,
    0.00010384757955302797,
    4.865025990345063e-05,
    1.3211399184359193e-05,
    0.0005,
    0.0004969282409784868,
    0.00048778860081564085,
    0.0004728061277849978,
    0.0004523497400965494,
    0.0004269231419060436,
    0.00039715242044697206,
    0.00036377062968501693,
    0.0003275997400965494,
    0.00028953039902753766,
    0.0002505
  ],
  "best_epoch": 13,
  "best_val_acc": 0.5571428571428572,
  "total_epochs": 20
}