{
  "train_loss": [
    4.519485182989211,
    4.493138594854446,
    4.337312730153402,
    3.7258427120390394,
    2.3885412761143274,
    1.4136360980215528,
    1.0040103827204023,
    0.8476773063341777,
    0.8172489592007228,
    0.8254395479247684,
    0.8923130466824486,
    0.8879397925876436,
    0.8785406424885704,
    0.8695960186776661,
    0.8526478557359605
  ],
  "train_acc": [
    0.014285714285714285,
    0.0,
    0.009523809523809525,
    0.18571428571428572,
    0.6333333333333333,
    0.9142857142857143,
    0.9714285714285714,
    1.0,
    1.0,
    0.9952380952380953,
    0.9952380952380953,
    0.9904761904761905,
    0.9857142857142858,
    0.9952380952380953,
    0.9952380952380953
  ],
  "train_f1": [
    0.004230055658627087,
    0.0,
    0.007142857142857143,
    0.15887961245104099,
    0.6114656771799627,
    0.9100680272108842,
    0.9713945578231293,
    1.0,
    1.0,
    0.9951020408163266,
    0.9951020408163266,
    0.990204081632653,
    0.9853061224489796,
    0.9951020408163266,
    0.9951020408163266
  ],
  "train_precision": [
    0.0026785714285714286,
    0.0,
    0.005714285714285714,
    0.16784168212739636,
    0.66258658008658,
    0.929047619047619,
    0.9776190476190477,
    1.0,
    1.0,
    0.9964285714285714,
    0.9964285714285714,
    0.9928571428571429,
    0.9892857142857143,
    0.9964285714285714,
    0.9964285714285714
  ],
  "train_recall": [
    0.014285714285714285,
    0.0,
    0.009523809523809523,
    0.18571428571428572,
    0.6333333333333334,
    0.9142857142857143,
    0.9714285714285714,
    1.0,
    1.0,
    0.9952380952380953,
    0.9952380952380953,
    0.9904761904761904,
    0.9857142857142858,
    0.9952380952380953,
    0.9952380952380951
  ],
  "val_loss": [
    4.378748185294015,
    4.253699561527797,
    4.092697640827724,
    3.275863892691476,
    2.6673289503370015,
    2.4414122513362337,
    2.3577336720057898,
    2.328722790309361,
    2.315460000719343,
    2.314990384238107,
    2.380717509133475,
    2.4113134724753245,
    2.375711236681257,
    2.331630870274135,
    2.4024576936449322
  ],
  "val_acc": [
    0.02857142857142857,
    0.014285714285714285,
    0.1,
    0.42857142857142855,
    0.5,
    0.5285714285714286,
    0.5857142857142857,
    0.6,
    0.5857142857142857,
    0.5857142857142857,
    0.5428571428571428,
    0.5714285714285714,
    0.5714285714285714,
    0.5714285714285714,
    0.5857142857142857
  ],
  "val_f1": [
    0.0018398268398268397,
    0.0005012531328320802,
    0.05328623757195186,
    0.3438095238095238,
    0.4311688311688312,
    0.46380952380952384,
    0.5357142857142857,
    0.5547619047619048,
    0.5285714285714286,
    0.5285714285714286,
    0.4880952380952381,
    0.5066666666666667,
    0.5104761904761905,
    0.5055555555555555,
    0.5333333333333332
  ],
  "val_precision": [
    0.0009533439260436227,
    0.0002551020408163265,
    0.048755542702911124,
    0.3143939393939394,
    0.40619047619047616,
    0.43809523809523804,
    0.511904761904762,
    0.5333333333333332,
    0.5023809523809524,
    0.5023809523809524,
    0.4647619047619047,
    0.4833333333333334,
    0.48214285714285715,
    0.4808333333333333,
    0.511904761904762
  ],
  "val_recall": [
    0.02857142857142857,
    0.014285714285714285,
    0.1,
    0.42857142857142855,
    0.5,
    0.5285714285714286,
    0.5857142857142857,
    0.6,
    0.5857142857142857,
    0.5857142857142857,
    0.5428571428571428,
    0.5714285714285714,
    0.5714285714285714,
    0.5714285714285714,
    0.5857142857142857
  ],
  "lr": [
    0.00048778860081564085,
    0.0004523497400965494,
    0.00039715242044697206,
    0.0003275997400965494,
    0.0002505,
    0.00017340025990345064,
    0.00010384757955302797,
    4.865025990345063e-05,
    1.3211399184359193e-05,
    0.0005,
    0.0004969282409784868,
    0.00048778860081564085,
    0.0004728061277849978,
    0.0004523497400965494,
    0.0004269231419060436
  ],
  "best_epoch": 8,
  "best_val_acc": 0.6,
  "total_epochs": 15
}