{
  "train_loss": [
    4.295256769089471,
    4.364499814169747,
    4.1438775085267565,
    4.0619933900379,
    3.990043492544265,
    3.948489661443801,
    3.7808831850687663,
    3.6887430645170665,
    3.6387836728777203,
    3.579841186886742,
    3.557678240821475,
    3.4572936761946904,
    3.384852933883667,
    3.363980967657907,
    3.32251603943961,
    3.286870470501128,
    3.18191575776963,
    3.0840726897830053,
    3.089154139019194,
    3.0395560082935154,
    3.065963883627029,
    2.934538648242042,
    2.875867902664911
  ],
  "train_acc": [
    0.04285714285714286,
    0.009523809523809525,
    0.07142857142857142,
    0.09523809523809523,
    0.1619047619047619,
    0.11428571428571428,
    0.20476190476190476,
    0.3,
    0.32857142857142857,
    0.3952380952380952,
    0.3761904761904762,
    0.36666666666666664,
    0.4238095238095238,
    0.5047619047619047,
    0.4380952380952381,
    0.43333333333333335,
    0.48095238095238096,
    0.5333333333333333,
    0.5190476190476191,
    0.5523809523809524,
    0.5142857142857142,
    0.5857142857142857,
    0.5904761904761905
  ],
  "train_f1": [
    0.019659075224292614,
    0.006394557823129252,
    0.04635705564276993,
    0.06632478632478633,
    0.1163897947843105,
    0.08250415955856026,
    0.1736518243661101,
    0.25428530199958765,
    0.29103888175316744,
    0.3415450422593279,
    0.32436860758289326,
    0.3428437435580292,
    0.3814982278346334,
    0.4764873222016079,
    0.41190785405071123,
    0.4133250876108019,
    0.4536737865309294,
    0.531689342403628,
    0.5418511647083074,
    0.5469047619047618,
    0.4851247165532879,
    0.5819702123273551,
    0.5772108843537413
  ],
  "train_precision": [
    0.013744588744588745,
    0.007509157509157509,
    0.04175488377169049,
    0.06523901868439683,
    0.13060760667903523,
    0.07872320140177283,
    0.20654761904761904,
    0.2782941661513089,
    0.3266331684188827,
    0.3641126450580232,
    0.32988967381824524,
    0.3957979244913043,
    0.43840702947845805,
    0.529952380952381,
    0.46433586255014825,
    0.4715680272108843,
    0.5125687666370897,
    0.6129499072356215,
    0.6417857142857143,
    0.6452380952380952,
    0.5527203748632319,
    0.6664700495582848,
    0.641168831168831
  ],
  "train_recall": [
    0.04285714285714285,
    0.009523809523809523,
    0.07142857142857142,
    0.09523809523809522,
    0.1619047619047619,
    0.11428571428571427,
    0.20476190476190478,
    0.29999999999999993,
    0.32857142857142857,
    0.39523809523809517,
    0.3761904761904762,
    0.36666666666666664,
    0.4238095238095238,
    0.5047619047619047,
    0.43809523809523804,
    0.4333333333333333,
    0.4809523809523808,
    0.5333333333333333,
    0.519047619047619,
    0.5523809523809523,
    0.5142857142857142,
    0.5857142857142857,
    0.5904761904761905
  ],
  "val_loss": [
    4.29640132359096,
    4.169475718906948,
    4.070928137642997,
    4.015219184330531,
    3.9977136611938477,
    3.8711530004228862,
    3.7795341082981655,
    3.719928114754813,
    3.6908128874642507,
    3.6811578478131977,
    3.596898296901158,
    3.529984378814697,
    3.472656052453177,
    3.4460371358054025,
    3.436205434799194,
    3.3549832207815986,
    3.2834836891719275,
    3.2249508244650706,
    3.1918676240103587,
    3.1827742167881556,
    3.1131158011300224,
    3.0585563250950405,
    2.997851848602295
  ],
  "val_acc": [
    0.02857142857142857,
    0.04285714285714286,
    0.1,
    0.14285714285714285,
    0.15714285714285714,
    0.22857142857142856,
    0.2857142857142857,
    0.32857142857142857,
    0.32857142857142857,
    0.32857142857142857,
    0.32857142857142857,
    0.35714285714285715,
    0.4,
    0.4,
    0.4,
    0.45714285714285713,
    0.4714285714285714,
    0.5,
    0.5,
    0.5,
    0.4857142857142857,
    0.45714285714285713,
    0.5
  ],
  "val_f1": [
    0.009523809523809523,
    0.02571428571428571,
    0.055555555555555546,
    0.07986394557823129,
    0.09387755102040816,
    0.14646258503401363,
    0.19619047619047617,
    0.23904761904761906,
    0.2438095238095238,
    0.2438095238095238,
    0.2440816326530612,
    0.26952380952380955,
    0.3071428571428571,
    0.31476190476190474,
    0.31476190476190474,
    0.36693877551020404,
    0.3933333333333333,
    0.4128571428571428,
    0.4104761904761905,
    0.4104761904761905,
    0.4,
    0.38666666666666666,
    0.4261904761904762
  ],
  "val_precision": [
    0.005714285714285714,
    0.022448979591836733,
    0.042738095238095235,
    0.0630952380952381,
    0.07714285714285715,
    0.1219047619047619,
    0.1692857142857143,
    0.20976190476190476,
    0.2169047619047619,
    0.2169047619047619,
    0.21761904761904763,
    0.23976190476190473,
    0.27190476190476187,
    0.2845238095238095,
    0.2845238095238095,
    0.3345238095238095,
    0.36547619047619045,
    0.3773809523809524,
    0.37499999999999994,
    0.37499999999999994,
    0.36428571428571427,
    0.3583333333333334,
    0.3952380952380952
  ],
  "val_recall": [
    0.02857142857142857,
    0.04285714285714286,
    0.1,
    0.14285714285714285,
    0.15714285714285714,
    0.22857142857142856,
    0.2857142857142857,
    0.32857142857142857,
    0.32857142857142857,
    0.32857142857142857,
    0.32857142857142857,
    0.35714285714285715,
    0.4,
    0.4,
    0.4,
    0.45714285714285713,
    0.4714285714285714,
    0.5,
    0.5,
    0.5,
    0.4857142857142857,
    0.45714285714285713,
    0.5
  ],
  "lr": [
    9.05463412215599e-05,
    6.57963412215599e-05,
    3.5203658778440106e-05,
    1.0453658778440109e-05,
    0.0001,
    9.05463412215599e-05,
    6.57963412215599e-05,
    3.5203658778440106e-05,
    1.0453658778440109e-05,
    0.0001,
    9.05463412215599e-05,
    6.57963412215599e-05,
    3.5203658778440106e-05,
    1.0453658778440109e-05,
    0.0001,
    9.05463412215599e-05,
    6.57963412215599e-05,
    3.5203658778440106e-05,
    1.0453658778440109e-05,
    0.0001,
    9.05463412215599e-05,
    6.57963412215599e-05,
    3.5203658778440106e-05
  ],
  "best_epoch": 18,
  "best_val_acc": 0.5,
  "total_epochs": 23
}