{
  "train_loss": [
    4.506014615013486,
    3.9761677060808456,
    2.768191065107073,
    1.6279265835171655,
    0.9817646832693191,
    0.8845683903921218,
    0.8573380158061072,
    0.8308980941772461,
    0.8178622626122974,
    0.8185839902786981,
    0.8559320217087155,
    0.8945003242719741,
    0.8534250236692883,
    0.8738619282132103
  ],
  "train_acc": [
    0.009523809523809525,
    0.11904761904761904,
    0.5,
    0.8809523809523809,
    0.9952380952380953,
    0.9904761904761905,
    0.9952380952380953,
    0.9952380952380953,
    1.0,
    1.0,
    1.0,
    1.0,
    1.0,
    0.9952380952380953
  ],
  "train_f1": [
    0.0031462585034013604,
    0.10854978354978355,
    0.45989383632240766,
    0.8752721088435373,
    0.9951020408163266,
    0.990204081632653,
    0.9951020408163266,
    0.9951020408163266,
    1.0,
    1.0,
    1.0,
    1.0,
    1.0,
    0.9951020408163266
  ],
  "train_precision": [
    0.0018925518925518926,
    0.1255498866213152,
    0.49675891568748715,
    0.9038095238095237,
    0.9964285714285714,
    0.9928571428571429,
    0.9964285714285714,
    0.9964285714285714,
    1.0,
    1.0,
    1.0,
    1.0,
    1.0,
    0.9964285714285714
  ],
  "train_recall": [
    0.009523809523809523,
    0.11904761904761905,
    0.5,
    0.8809523809523809,
    0.9952380952380953,
    0.9904761904761904,
    0.9952380952380951,
    0.9952380952380953,
    1.0,
    1.0,
    1.0,
    1.0,
    1.0,
    0.9952380952380953
  ],
  "val_loss": [
    4.192660863058908,
    3.385296276637486,
    2.587506260190691,
    1.9951537677219935,
    1.9349486351013183,
    1.9452998978751046,
    1.9424764156341552,
    1.8603659970419748,
    1.8783004011426654,
    1.8711953844342912,
    1.96757264818464,
    1.9800778865814208,
    2.0366733414786204,
    1.9949475969587054
  ],
  "val_acc": [
    0.04285714285714286,
    0.2714285714285714,
    0.5,
    0.6714285714285714,
    0.6857142857142857,
    0.6285714285714286,
    0.7,
    0.7,
    0.7,
    0.7,
    0.6571428571428571,
    0.6285714285714286,
    0.6714285714285714,
    0.6428571428571429
  ],
  "val_f1": [
    0.019658119658119658,
    0.20285714285714285,
    0.4374149659863945,
    0.62,
    0.6309523809523809,
    0.5795238095238094,
    0.6366666666666666,
    0.6380952380952382,
    0.65,
    0.65,
    0.596190476190476,
    0.5802721088435374,
    0.6090476190476191,
    0.5852380952380952
  ],
  "val_precision": [
    0.01726190476190476,
    0.17825396825396828,
    0.4142857142857143,
    0.5964285714285714,
    0.6095238095238095,
    0.5583333333333333,
    0.6107142857142858,
    0.6119047619047618,
    0.6285714285714286,
    0.6285714285714286,
    0.5702380952380953,
    0.5619047619047618,
    0.5857142857142857,
    0.5619047619047619
  ],
  "val_recall": [
    0.04285714285714286,
    0.2714285714285714,
    0.5,
    0.6714285714285714,
    0.6857142857142857,
    0.6285714285714286,
    0.7,
    0.7,
    0.7,
    0.7,
    0.6571428571428571,
    0.6285714285714286,
    0.6714285714285714,
    0.6428571428571429
  ],
  "lr": [
    0.00048778860081564085,
    0.0004523497400965494,
    0.00039715242044697206,
    0.0003275997400965494,
    0.0002505,
    0.00017340025990345064,
    0.00010384757955302797,
    4.865025990345063e-05,
    1.3211399184359193e-05,
    0.0005,
    0.0004969282409784868,
    0.00048778860081564085,
    0.0004728061277849978,
    0.0004523497400965494
  ],
  "best_epoch": 7,
  "best_val_acc": 0.7,
  "total_epochs": 14
}