{
  "train_loss": [
    4.628720687684559,
    4.597663824898856,
    4.464920511699858,
    4.344355528695242,
    4.159618323189871,
    3.777197519938151,
    3.3912229310898554,
    3.0155603204454695,
    2.568619882492792,
    2.3128893909000214,
    2.468993550255185,
    2.035046890803746,
    1.5316469714755103,
    1.297610078539167,
    1.1467174280257453,
    1.1200269426618303,
    1.0339094337962922,
    1.0562404201144264,
    0.9973047154290335,
    0.9348186464536757,
    0.9106670390991938,
    0.8882880937485468,
    0.9023515854563032,
    0.8782116379056658,
    0.8704349988982791,
    0.8353325889224098,
    0.819936980519976,
    0.8176778645742507,
    0.8219515039807275,
    0.806421016511463,
    0.8578361550966899,
    0.9424806821913946,
    0.9365572339012509,
    0.9727837573914301
  ],
  "train_acc": [
    0.009523809523809525,
    0.004761904761904762,
    0.014285714285714285,
    0.02857142857142857,
    0.047619047619047616,
    0.10476190476190476,
    0.21428571428571427,
    0.36666666666666664,
    0.5523809523809524,
    0.6666666666666666,
    0.5142857142857142,
    0.6714285714285714,
    0.8,
    0.9047619047619048,
    0.9095238095238095,
    0.9380952380952381,
    0.9523809523809523,
    0.9380952380952381,
    0.9666666666666667,
    0.9952380952380953,
    0.9857142857142858,
    1.0,
    0.9952380952380953,
    0.9857142857142858,
    0.9904761904761905,
    0.9952380952380953,
    1.0,
    0.9952380952380953,
    1.0,
    1.0,
    1.0,
    0.9904761904761905,
    0.9809523809523809,
    0.9809523809523809
  ],
  "train_f1": [
    0.006363636363636364,
    0.002197802197802198,
    0.006265664160401003,
    0.019727891156462583,
    0.03620284477427334,
    0.09697413697413697,
    0.19483286137421474,
    0.3099295149295149,
    0.5055442176870747,
    0.6189063317634744,
    0.4807843743558029,
    0.6494897959183673,
    0.7942176870748299,
    0.9034353741496596,
    0.9061904761904761,
    0.9374149659863946,
    0.9501020408163264,
    0.9347278911564625,
    0.9658503401360544,
    0.9951020408163266,
    0.9853061224489796,
    1.0,
    0.9951020408163266,
    0.9858163265306124,
    0.990204081632653,
    0.9951020408163266,
    1.0,
    0.9951020408163266,
    1.0,
    1.0,
    1.0,
    0.9907142857142857,
    0.9804081632653062,
    0.9809183673469387
  ],
  "train_precision": [
    0.007491289198606272,
    0.0014285714285714286,
    0.004124149659863945,
    0.016378066378066377,
    0.04634353741496598,
    0.12773809523809523,
    0.21819495980210266,
    0.31831632653061226,
    0.5301020408163265,
    0.6397619047619046,
    0.5183333333333333,
    0.698095238095238,
    0.8281972789115646,
    0.9288095238095238,
    0.9254761904761905,
    0.9511904761904761,
    0.9657142857142856,
    0.9502380952380952,
    0.9738095238095239,
    0.9964285714285714,
    0.9892857142857143,
    1.0,
    0.9964285714285714,
    0.9907142857142857,
    0.9928571428571429,
    0.9964285714285714,
    1.0,
    0.9964285714285714,
    1.0,
    1.0,
    1.0,
    0.9942857142857142,
    0.9857142857142858,
    0.9871428571428571
  ],
  "train_recall": [
    0.009523809523809523,
    0.0047619047619047615,
    0.014285714285714285,
    0.02857142857142857,
    0.047619047619047616,
    0.10476190476190475,
    0.21428571428571427,
    0.3666666666666667,
    0.5523809523809522,
    0.6666666666666665,
    0.5142857142857142,
    0.6714285714285714,
    0.8,
    0.9047619047619047,
    0.9095238095238096,
    0.9380952380952382,
    0.9523809523809522,
    0.938095238095238,
    0.9666666666666668,
    0.9952380952380953,
    0.9857142857142858,
    1.0,
    0.9952380952380953,
    0.9857142857142858,
    0.9904761904761906,
    0.9952380952380953,
    1.0,
    0.9952380952380953,
    1.0,
    1.0,
    1.0,
    0.9904761904761906,
    0.9809523809523808,
    0.980952380952381
  ],
  "val_loss": [
    4.419371005467006,
    4.267595032283238,
    4.183606079646519,
    4.075426115308489,
    3.8778692177363805,
    3.630011865070888,
    3.398032910483224,
    3.069382892336164,
    2.9052702495029994,
    2.863124016353062,
    2.8932044437953404,
    2.6577814374651227,
    2.577790355682373,
    2.579458114079067,
    2.683046565737043,
    2.610217557634626,
    2.552105522155762,
    2.6101078374045237,
    2.5115416935512,
    2.437450122833252,
    2.4188337326049805,
    2.5024703707013813,
    2.348127862385341,
    2.3254391057150703,
    2.2996549946921214,
    2.288330786568778,
    2.2751154558999196,
    2.2699945381709505,
    2.2704130445207866,
    2.269227545601981,
    2.369019658224923,
    2.54782224382673,
    2.412110049383981,
    2.5202969006129674
  ],
  "val_acc": [
    0.014285714285714285,
    0.02857142857142857,
    0.02857142857142857,
    0.05714285714285714,
    0.1,
    0.21428571428571427,
    0.3,
    0.42857142857142855,
    0.45714285714285713,
    0.5,
    0.45714285714285713,
    0.5428571428571428,
    0.5142857142857142,
    0.5285714285714286,
    0.5142857142857142,
    0.5714285714285714,
    0.5714285714285714,
    0.5857142857142857,
    0.5857142857142857,
    0.5714285714285714,
    0.6142857142857143,
    0.5857142857142857,
    0.5857142857142857,
    0.6,
    0.6,
    0.6142857142857143,
    0.6285714285714286,
    0.6142857142857143,
    0.6142857142857143,
    0.6142857142857143,
    0.6,
    0.6,
    0.5714285714285714,
    0.5571428571428572
  ],
  "val_f1": [
    0.00042643923240938164,
    0.0019565217391304345,
    0.003153153153153153,
    0.013048713738368911,
    0.06926406926406925,
    0.1366790352504638,
    0.2270578231292517,
    0.35741496598639455,
    0.3836054421768707,
    0.4242857142857142,
    0.3757142857142857,
    0.478843537414966,
    0.4461904761904762,
    0.4559863945578231,
    0.4666666666666666,
    0.5181292517006802,
    0.5374149659863945,
    0.52,
    0.55,
    0.5017006802721089,
    0.5499999999999999,
    0.5261904761904761,
    0.5352380952380953,
    0.5452380952380952,
    0.5452380952380952,
    0.5666666666666667,
    0.5676190476190476,
    0.5604761904761904,
    0.5604761904761904,
    0.5628571428571428,
    0.5414285714285713,
    0.5376190476190477,
    0.5342857142857143,
    0.5083673469387756
  ],
  "val_precision": [
    0.00021645021645021645,
    0.0010156510156510157,
    0.0016955266955266956,
    0.007779111644657864,
    0.06095238095238095,
    0.11857142857142858,
    0.20942176870748297,
    0.3326190476190476,
    0.35833333333333334,
    0.3964285714285714,
    0.3457142857142857,
    0.45595238095238094,
    0.41785714285714287,
    0.42857142857142855,
    0.4452380952380952,
    0.5008503401360545,
    0.5238095238095238,
    0.49214285714285716,
    0.5357142857142857,
    0.4738095238095238,
    0.519047619047619,
    0.49761904761904757,
    0.5142857142857142,
    0.5214285714285715,
    0.5214285714285715,
    0.5452380952380952,
    0.5416666666666666,
    0.5369047619047619,
    0.5369047619047619,
    0.5416666666666666,
    0.5154761904761904,
    0.5119047619047619,
    0.5202380952380952,
    0.4928571428571429
  ],
  "val_recall": [
    0.014285714285714285,
    0.02857142857142857,
    0.02857142857142857,
    0.05714285714285714,
    0.1,
    0.21428571428571427,
    0.3,
    0.42857142857142855,
    0.45714285714285713,
    0.5,
    0.45714285714285713,
    0.5428571428571428,
    0.5142857142857142,
    0.5285714285714286,
    0.5142857142857142,
    0.5714285714285714,
    0.5714285714285714,
    0.5857142857142857,
    0.5857142857142857,
    0.5714285714285714,
    0.6142857142857143,
    0.5857142857142857,
    0.5857142857142857,
    0.6,
    0.6,
    0.6142857142857143,
    0.6285714285714286,
    0.6142857142857143,
    0.6142857142857143,
    0.6142857142857143,
    0.6,
    0.6,
    0.5714285714285714,
    0.5571428571428572
  ],