{
  "train_loss": [
    4.547952020735968,
    4.4762688182649155,
    3.8722470692225865,
    2.3757251694088892,
    1.2902410825093586,
    0.9653369852474758,
    0.8573052440370832,
    0.8322915996823992,
    0.815283503418877,
    0.8041512608528137,
    0.8741556536583673,
    0.8932101425670442,
    0.8706267004921323,
    0.838402191230229
  ],
  "train_acc": [
    0.01904761904761905,
    0.01904761904761905,
    0.16666666666666666,
    0.638095238095238,
    0.9142857142857143,
    0.9857142857142858,
    1.0,
    0.9952380952380953,
    1.0,
    1.0,
    0.9952380952380953,
    0.9952380952380953,
    1.0,
    1.0
  ],
  "train_f1": [
    0.015238095238095238,
    0.014319727891156462,
    0.14585538521628746,
    0.6036661750947465,
    0.9095918367346938,
    0.9853061224489794,
    1.0,
    0.9951020408163266,
    1.0,
    1.0,
    0.9951020408163266,
    0.9951020408163266,
    1.0,
    1.0
  ],
  "train_precision": [
    0.016713352007469654,
    0.012380952380952381,
    0.15536848072562356,
    0.6633163265306122,
    0.9414285714285715,
    0.9892857142857143,
    1.0,
    0.9964285714285714,
    1.0,
    1.0,
    0.9964285714285714,
    0.9964285714285714,
    1.0,
    1.0
  ],
  "train_recall": [
    0.019047619047619046,
    0.019047619047619046,
    0.16666666666666666,
    0.6380952380952382,
    0.9142857142857143,
    0.9857142857142858,
    1.0,
    0.9952380952380953,
    1.0,
    1.0,
    0.9952380952380953,
    0.9952380952380953,
    1.0,
    1.0
  ],
  "val_loss": [
    4.368029730660575,
    4.153954778398786,
    3.1387860434395924,
    2.433532040459769,
    2.22808540889195,
    2.176206874847412,
    2.138297871180943,
    2.164985792977469,
    2.1745379720415388,
    2.1665939331054687,
    2.160460363115583,
    2.2903519562312535,
    2.2372585569109233,
    2.283730820247105
  ],
  "val_acc": [
    0.014285714285714285,
    0.08571428571428572,
    0.4,
    0.5714285714285714,
    0.6142857142857143,
    0.6142857142857143,
    0.6428571428571429,
    0.6285714285714286,
    0.6285714285714286,
    0.6285714285714286,
    0.6142857142857143,
    0.6142857142857143,
    0.5857142857142857,
    0.6
  ],
  "val_f1": [
    0.00041407867494824016,
    0.024126098656780202,
    0.3321768707482993,
    0.5214285714285715,
    0.5619047619047619,
    0.5819047619047618,
    0.6214285714285714,
    0.5857142857142857,
    0.5785714285714286,
    0.5785714285714286,
    0.5638095238095239,
    0.5580952380952381,
    0.5357142857142857,
    0.5628571428571428
  ],
  "val_precision": [
    0.00021008403361344536,
    0.01484126984126984,
    0.3119047619047619,
    0.5,
    0.5380952380952381,
    0.5702380952380953,
    0.6119047619047618,
    0.5642857142857143,
    0.5547619047619047,
    0.5547619047619047,
    0.5452380952380952,
    0.5345238095238096,
    0.5171428571428572,
    0.5464285714285714
  ],
  "val_recall": [
    0.014285714285714285,
    0.08571428571428572,
    0.4,
    0.5714285714285714,
    0.6142857142857143,
    0.6142857142857143,
    0.6428571428571429,
    0.6285714285714286,
    0.6285714285714286,
    0.6285714285714286,
    0.6142857142857143,
    0.6142857142857143,
    0.5857142857142857,
    0.6
  ],
  "lr": [
    0.00048778860081564085,
    0.0004523497400965494,
    0.00039715242044697206,
    0.0003275997400965494,
    0.0002505,
    0.00017340025990345064,
    0.00010384757955302797,
    4.865025990345063e-05,
    1.3211399184359193e-05,
    0.0005,
    0.0004969282409784868,
    0.00048778860081564085,
    0.0004728061277849978,
    0.0004523497400965494
  ],
  "best_epoch": 7,
  "best_val_acc": 0.6428571428571429,
  "total_epochs": 14
}